{
  "project_info": {
    "project_number": "76365125007",
    "project_id": "pc2rojas-46e87",
    "storage_bucket": "pc2rojas-46e87.appspot.com"
  },
  "client": [
    {
      "client_info": {
        "mobilesdk_app_id": "1:76365125007:android:761069132575df3dada7fa",
        "android_client_info": {
          "package_name": "com.example.pc2_rojas"
        }
      },
      "oauth_client": [],
      "api_key": [
        {
          "current_key": "AIzaSyA1XFEiokpDYEzrq-rn3H4YzU2V-88mcU0"
        }
      ],
      "services": {
        "appinvite_service": {
          "other_platform_oauth_client": []
        }
      }
    },
    {
      "client_info": {
        "mobilesdk_app_id": "1:76365125007:android:bb563292d30cd7c4ada7fa",
        "android_client_info": {
          "package_name": "dev.rojasdaniel.firebase"
        }
      },
      "oauth_client": [],
      "api_key": [
        {
          "current_key": "AIzaSyA1XFEiokpDYEzrq-rn3H4YzU2V-88mcU0"
        }
      ],
      "services": {
        "appinvite_service": {
          "other_platform_oauth_client": []
        }
      }
    }
  ],
  "configuration_version": "1"
}